51,41,75,286,197,96,122,262
46,38,66,219,173,96,113,248
54,39,68,224,179,92,112,241
57,37,68,224,192,101,129,199
58,42,68,232,184,91,108,187
59,41,64,240,174,85,114,192
64,41,64,248,186,82,118,202
64,43,62,234,174,95,132,226
63,43,59,247,162,94,120,227
67,43,49,242,170,99,128,277
65,42,51,237,167,97,133,266
62,48,49,233,157,102,133,263
56,45,60,246,170,91,126,249
58,48,63,226,170,83,118,257
53,47,64,190,150,90,124,218
66,52,65,180,150,96,130,237
66,50,73,178,159,86,132,254
67,50,69,192,170,90,132,255
67,49,64,175,158,96,138,261
67,49,68,199,182,87,137,261
59,46,73,224,195,82,124,259
61,43,70,237,200,83,129,229
60,42,65,223,189,82,133,231
60,44,66,241,196,78,142,230
64,43,66,249,192,83,153,247
63,39,56,230,189,85,147,220
63,43,53,213,171,84,143,236
63,44,56,213,183,90,142,257
61,42,63,207,193,85,130,272
60,42,62,185,173,91,108,246
62,42,63,203,187,97,124,257
62,41,66,206,192,104,136,320
66,45,62,206,181,96,125,315
65,45,53,199,168,100,127,298
63,46,50,211,187,90,127,325
61,47,51,203,164,83,113,330
58,46,50,205,168,88,90,257
56,45,62,224,163,102,95,239
57,45,64,225,183,104,90,240
55,43,63,223,171,105,96,225
55,41,66,230,172,110,119,203
54,41,63,218,158,105,132,204
56,40,61,252,186,101,148,200
55,41,63,264,187,97,147,237
59,49,67,260,197,96,142,217
61,51,66,267,200,87,123,214
64,53,76,307,252,95,151,209
65,51,71,260,226,86,145,272
64,48,69,251,210,85,149,231
67,44,75,288,243,93,150,233
61,44,74,275,234,96,152,232
60,43,73,272,228,90,128,281
65,48,77,306,246,83,129,312
67,49,80,319,261,90,162,327
65,48,73,286,225,83,171,328
74,49,80,290,233,90,176,343
76,49,74,254,185,88,167,320
69,47,70,217,178,91,157,236
69,45,66,208,159,87,121,239
64,44,64,204,152,95,115,249
53,42,55,198,140,84,109,252
49,39,66,268,194,88,111,254
54,40,63,277,188,89,132,287
52,41,64,284,209,102,136,271
59,45,69,285,210,92,133,284
62,44,68,276,218,90,131,269
65,45,56,210,179,88,135,253
64,41,64,257,199,102,110,215
65,42,60,238,174,92,104,245
61,39,54,234,180,106,104,217
58,38,58,241,178,110,106,218
52,36,55,244,179,112,116,216
56,40,52,192,165,106,115,232
52,38,56,222,181,110,111,210
54,41,55,229,174,102,119,245
54,42,56,231,182,99,118,240
58,40,65,254,191,99,104,257
55,41,64,245,184,95,118,263
61,43,70,251,186,92,120,266
64,42,74,252,197,86,115,237
64,41,77,264,205,85,109,278
64,41,73,251,190,78,126,304
63,39,72,263,186,88,124,284
58,37,63,232,171,81,133,283
54,35,62,253,168,78,126,297
59,38,64,284,171,77,128,258
66,41,66,299,204,86,116,299
63,47,65,294,210,71,102,301
62,50,66,307,205,68,90,304
67,51,67,301,212,72,87,300
63,51,57,248,188,69,92,302
56,51,56,212,153,55,80,224
61,49,59,235,147,55,89,229
67,49,58,225,154,61,89,234
61,47,53,203,126,57,99,213
63,46,68,269,167,64,111,238
59,43,66,275,169,72,127,267
56,39,68,262,171,71,121,302
51,36,70,279,190,76,131,282
61,41,71,278,198,79,137,289
60,38,58,225,167,81,124,272
62,38,60,229,169,77,106,232
67,37,60,225,164,93,125,255
70,38,54,197,132,97,114,252
68,36,53,201,132,96,106,245
64,36,53,203,133,92,106,238
66,37,59,231,141,96,110,261
56,35,55,231,143,85,100,188
53,34,61,244,158,84,102,193
45,32,61,236,154,81,113,203
45,31,60,237,151,77,120,231
44,33,55,216,144,72,120,202
45,33,56,220,167,68,124,209
46,33,55,226,176,56,126,222
47,38,65,259,188,56,107,237
48,40,71,271,195,62,113,221
53,41,70,272,192,61,108,235
54,42,71,295,181,63,106,225
53,43,68,277,162,68,107,217
52,44,67,289,178,70,122,233
53,43,62,271,176,66,111,221
57,48,68,279,177,70,121,236
60,49,66,239,169,72,111,240
58,48,66,246,174,68,105,260
60,46,60,225,162,68,98,233
62,50,62,236,166,69,94,231
55,45,56,227,164,65,84,234
55,45,56,244,170,67,78,231
56,44,55,233,164,67,77,207
54,44,56,243,191,68,79,190
62,42,53,234,193,73,94,207
62,44,52,227,193,75,100,193
57,45,55,219,190,69,116,223
60,46,59,220,189,69,117,227
57,45,56,196,145,66,115,231
47,44,60,239,161,67,109,254
50,42,78,317,227,66,124,232
55,51,81,315,233,67,124,209
55,51,82,328,242,71,124,196
60,53,89,331,250,72,117,187
58,50,89,314,244,66,112,146
58,51,84,274,195,65,119,215
57,45,81,272,192,65,110,222
54,46,81,261,192,61,111,221
54,43,71,243,179,58,114,230
56,46,71,264,175,56,119,267
55,45,60,226,179,58,87,227
52,39,72,261,188,60,96,253
57,44,70,268,176,69,108,284
50,43,73,279,188,75,113,291
55,46,70,242,175,75,110,245
54,44,71,238,162,71,110,234
53,45,59,238,189,73,101,182
55,41,59,258,209,65,85,148
57,43,56,260,221,61,90,170
60,40,57,273,227,63,94,180
69,42,58,285,245,71,108,181
72,41,55,257,215,67,111,185
73,46,59,247,212,69,117,171
71,45,59,239,195,69,116,199
64,44,60,229,196,67,126,233
54,42,71,292,197,62,116,232
50,46,75,302,200,64,115,237
42,40,74,311,209,65,129,329
47,41,76,320,203,69,124,300
49,45,75,316,198,75,113,276
54,49,65,252,176,75,111,279
52,45,65,234,166,72,108,291
51,43,60,193,134,69,95,205
52,43,58,193,145,68,102,199
50,41,61,202,154,64,101,198
46,37,59,185,140,68,108,247
52,36,52,176,145,71,108,233
55,39,55,202,160,72,99,211
54,39,52,180,146,66,87,202
56,36,47,173,139,66,96,213
60,36,43,162,144,57,89,203
55,38,47,177,140,58,92,216
55,37,44,152,129,61,90,220
56,37,44,151,131,61,100,225
53,38,48,176,141,61,99,229
49,38,51,179,142,66,105,187
47,39,52,194,150,74,106,170
43,41,52,191,140,68,108,169
49,44,53,211,145,69,102,182
46,43,50,191,141,70,90,170
48,43,49,192,130,68,88,186
52,40,45,165,108,58,86,178
55,42,48,166,112,58,79,179
47,37,52,157,103,65,81,179
51,40,52,164,92,63,95,179
54,38,61,259,129,64,101,163
48,40,63,269,135,65,102,166
49,37,60,269,139,64,102,193
53,37,64,269,146,56,101,182
55,37,67,267,142,53,90,192
51,37,60,176,114,47,76,187
57,40,62,174,128,47,79,263
62,42,63,171,122,52,83,245
62,43,56,155,107,53,89,238
60,41,52,181,125,56,87,218
59,42,52,217,154,62,87,223
53,39,48,213,143,65,85,162
50,41,53,236,174,63,93,182
48,39,55,241,182,65,95,225
46,41,53,216,171,62,96,253
48,40,52,192,146,67,102,250
55,44,54,199,146,63,102,231
58,39,46,167,109,66,99,229
57,43,43,182,110,65,91,188
60,42,48,199,132,65,98,161
60,42,50,201,130,54,96,164
57,40,54,221,139,55,113,159
53,40,59,264,160,52,111,163
54,40,59,252,157,55,113,175
56,43,57,252,148,57,105,166
54,44,57,245,157,57,99,177
52,42,53,227,155,56,78,193
52,44,54,186,141,60,84,181
51,43,54,187,146,55,91,177
48,42,54,187,137,60,95,176
48,42,55,187,129,59,106,181
49,42,55,189,133,60,113,194
47,43,55,187,133,57,114,199
50,47,59,215,138,65,111,209
49,44,59,207,145,62,115,223
54,46,59,202,149,65,105,237
54,47,56,203,142,63,98,214
57,45,56,203,144,61,111,218
54,40,51,167,129,54,110,209
54,42,51,168,130,50,102,208
51,40,55,188,152,56,104,229
51,38,54,165,151,68,101,227
43,39,55,167,155,72,82,224
51,40,54,188,164,68,76,223
48,39,63,223,170,70,99,213
47,38,59,211,147,63,104,161
48,40,58,222,143,60,110,189
48,42,56,229,137,58,110,163
40,40,56,223,143,62,108,180
42,44,52,205,142,64,96,182
46,43,53,209,137,65,85,181
52,45,55,204,146,64,84,155
53,44,53,192,146,64,77,157
55,46,53,189,134,67,82,161
57,43,48,154,116,64,92,183
62,47,49,150,122,68,95,197
55,44,45,145,116,63,95,189
60,45,45,136,104,62,101,202
71,48,50,154,119,58,103,186
75,50,48,164,123,65,89,218
72,49,49,167,129,67,92,216
73,50,51,168,121,63,89,228
68,47,57,229,160,63,80,220
54,43,53,214,147,62,69,213
52,42,53,225,155,58,105,155
51,40,55,254,171,59,109,166
55,36,55,253,178,59,125,200
57,38,47,212,156,59,135,220
61,39,49,224,159,59,141,228
56,39,48,219,164,57,121,224
52,37,45,187,139,49,121,197
48,38,46,196,137,56,103,145
48,39,49,205,146,65,97,124
44,38,46,187,145,65,93,183
49,39,47,172,128,66,88,189
49,39,45,155,125,72,84,188
45,38,47,150,119,66,88,193
45,39,49,127,95,60,102,188
46,42,52,169,114,64,109,136
49,42,54,174,117,63,114,173
53,48,57,182,117,56,115,181
56,50,58,216,134,62,116,185
55,50,59,229,141,61,99,182
52,46,58,214,130,58,93,174
45,43,56,219,137,59,92,162
40,36,55,214,138,59,83,190
52,34,51,178,125,64,81,189
58,37,48,149,121,63,82,187
58,40,55,173,123,69,81,192
59,40,53,173,114,75,89,188
65,42,55,185,131,78,93,159
60,41,58,190,138,70,93,155
55,39,58,200,135,72,100,161
56,37,51,164,124,68,96,152
56,37,53,174,131,62,88,135
65,38,51,164,114,64,95,157
67,42,48,170,124,64,92,159
71,45,51,173,126,64,85,166
73,50,52,180,127,59,91,178
72,52,54,171,135,57,86,176
59,53,61,198,163,54,85,165
54,50,62,197,163,59,92,181
49,46,57,191,163,64,94,195
45,41,55,197,172,66,90,191
47,40,51,189,168,67,99,187
47,36,43,159,141,63,97,173
50,38,44,158,122,57,91,177
48,36,47,157,120,55,102,179
49,35,48,154,114,55,113,180
52,38,50,162,116,60,124,179
51,38,47,167,113,66,122,185
50,36,43,157,111,67,123,160
52,35,48,182,126,67,111,168
49,36,49,183,123,65,134,216
48,30,50,176,110,58,117,221
51,36,55,188,123,54,125,226
52,39,60,207,144,61,131,241
49,38,53,188,132,70,140,235
49,37,54,192,133,69,109,196
50,40,50,192,138,75,110,191
47,42,45,179,131,76,109,184
42,41,39,151,107,70,103,179
54,43,42,152,106,64,99,160
60,48,45,156,119,68,100,151
58,44,46,160,120,66,100,161
58,39,45,153,111,71,84,163
63,41,45,161,116,77,81,157
55,41,46,152,128,79,94,156
51,36,39,131,109,76,106,222
52,38,41,120,108,74,110,217
55,41,49,133,112,67,112,234
51,41,53,132,112,70,118,272
50,41,57,175,132,59,102,276
47,41,59,192,145,55,99,237
47,39,56,193,139,55,94,253
51,36,50,182,147,71,105,243
64,37,49,194,156,64,107,201
65,42,44,171,133,67,106,209
66,42,44,148,116,73,94,198
67,44,43,152,115,80,103,193
63,43,48,160,109,70,97,204
55,43,50,143,98,74,94,199
53,39,49,127,92,76,95,178
55,40,51,142,101,74,100,175
52,39,52,158,108,68,104,255
50,40,49,153,101,66,107,255
44,36,49,159,113,63,113,259
44,36,48,169,116,72,110,262
42,34,47,168,114,70,105,275
42,35,47,144,111,70,102,211
44,35,48,158,127,76,99,206
41,33,48,161,122,78,92,200
44,36,47,149,119,67,96,205
50,41,47,136,112,72,102,190
55,39,58,219,138,76,106,199
52,39,58,217,148,72,107,192
57,42,57,223,150,68,106,201
59,40,57,231,152,83,111,190
58,40,55,230,154,83,111,204
56,41,46,174,136,78,102,162
58,42,44,161,107,76,98,150
61,43,39,146,104,78,96,143
57,43,41,147,101,60,86,158
51,40,43,147,105,58,84,147
52,40,40,131,96,62,79,152
52,39,43,147,109,63,77,153
45,37,58,201,179,72,97,156
44,40,66,212,191,82,117,164
51,43,68,223,206,83,114,221
45,43,68,225,209,79,120,226
43,44,70,232,209,81,121,234
40,42,58,185,147,71,104,228
44,40,49,177,139,72,86,218
39,38,48,176,123,72,102,183
46,42,49,176,121,78,110,194
48,42,47,169,129,77,109,192
49,43,45,163,125,80,109,202
54,42,45,154,119,67,107,222
53,40,52,191,143,77,101,196
51,37,52,196,146,76,102,178
63,39,50,188,135,76,116,234
67,40,58,206,134,74,132,267
61,41,58,209,139,84,140,261
61,40,49,176,119,75,134,258
64,42,52,199,126,77,131,279
51,39,52,205,133,77,138,262
46,37,43,195,143,76,123,222
50,42,46,210,154,69,123,232
49,43,48,205,141,74,156,255
44,42,48,178,133,71,155,239
44,43,47,186,137,73,141,214
49,47,49,180,126,73,145,215
46,43,47,150,118,72,142,212
49,44,45,150,123,61,112,207
49,47,41,143,122,59,114,203
51,48,41,117,106,58,111,201
49,45,44,128,113,59,127,199
47,42,48,186,124,58,131,206
46,43,51,196,123,67,125,181
44,37,55,211,125,65,113,194
42,36,56,215,135,64,111,190
44,39,54,213,134,63,86,189
44,44,52,178,123,71,76,150
47,40,53,193,127,65,77,152
56,49,60,203,149,67,105,151
58,47,61,213,153,68,108,144
53,46,65,221,163,68,108,154
59,44,66,212,156,57,109,177
55,46,63,193,150,53,106,177
49,40,52,186,132,48,79,154
47,39,53,178,117,48,73,152
46,40,49,166,101,48,89,151
40,41,60,230,158,61,82,120
38,42,64,235,167,63,103,114
37,40,66,226,162,73,108,123
39,40,65,223,165,70,114,190
39,40,64,218,165,69,135,212
37,36,50,167,115,58,143,217
42,35,45,156,102,58,127,218
39,38,44,164,106,61,125,211
39,40,44,181,120,64,126,158
42,39,47,178,125,64,96,145
44,42,49,168,128,65,92,147
40,39,49,169,125,66,97,170
44,37,46,152,125,60,97,172
44,35,43,123,105,54,87,165
48,38,42,155,116,50,86,189
52,37,41,173,129,52,80,194
56,38,42,170,133,53,78,182
57,44,45,208,137,46,82,190
61,45,47,218,150,54,97,216
63,44,44,202,134,56,98,178
58,43,43,189,141,54,93,163
61,45,45,191,141,64,98,165
60,39,44,156,138,67,93,170
56,39,42,144,129,63,79,137
49,36,48,163,133,61,81,170
49,36,51,163,124,67,81,171
42,41,49,156,121,60,73,176
48,42,51,164,116,68,75,171
49,41,52,179,119,70,81,173
58,42,48,159,117,75,91,157
59,43,44,172,105,70,96,157
66,40,48,184,109,73,104,151
63,40,45,174,106,67,102,197
63,43,51,210,124,67,103,204
56,42,56,228,143,66,87,197
57,44,59,221,142,68,90,208
49,42,59,229,145,60,90,205
53,49,60,229,149,57,90,178
53,47,53,187,129,54,87,186
55,49,52,165,109,52,93,183
51,46,50,153,103,49,96,168
51,46,46,130,94,50,91,166
43,37,47,141,103,49,102,153
43,39,50,173,137,56,100,164
41,35,47,177,134,57,102,170
43,35,47,182,132,59,96,170
44,35,46,177,134,61,95,170
49,36,44,165,137,64,86,166
51,37,48,135,108,59,87,149
51,38,45,143,113,64,86,137
58,42,43,134,118,67,106,196
61,42,46,139,125,69,108,197
59,41,45,160,113,73,109,200
67,40,40,176,123,77,111,189
68,40,47,181,128,84,113,238
67,39,50,183,124,81,107,228
64,37,51,195,123,79,105,237
66,39,55,202,144,73,101,235
54,36,53,179,128,69,97,238
51,34,51,170,122,55,101,208
47,32,50,175,132,59,95,170
49,32,52,183,137,62,102,192
46,35,49,155,115,63,114,194
52,39,50,186,121,62,146,216
53,41,46,182,116,62,141,222
52,42,45,185,106,60,137,226
52,41,43,166,99,59,136,194
54,38,43,182,106,65,125,187
52,36,45,175,107,69,93,159
48,34,48,175,117,68,96,161
49,36,48,166,117,79,113,162
49,42,47,157,108,82,109,175
45,41,46,145,118,77,116,173
45,42,41,116,110,73,112,181
47,46,39,117,99,72,115,186
52,47,37,114,100,73,107,190
58,49,53,170,137,70,109,185
58,49,56,165,122,71,117,197
58,48,61,171,125,73,114,196
59,45,62,179,137,75,108,164
61,44,63,185,141,71,109,193
54,39,52,146,111,72,108,195
53,37,49,159,109,69,98,218
53,39,45,169,113,70,101,211
50,40,44,165,101,66,99,210
49,37,45,165,112,59,94,176
52,37,45,166,109,56,107,217
52,39,43,157,108,54,104,200
50,37,43,152,112,58,106,208
54,36,42,153,132,63,106,204
50,44,42,159,119,59,100,229
46,43,41,157,119,57,85,204
48,41,42,162,117,63,92,194
46,41,45,194,136,57,92,188
45,42,50,196,124,58,91,193
42,35,48,188,121,59,89,164
42,35,45,180,124,63,88,154
40,37,47,181,135,68,85,160
47,43,47,140,107,68,82,158
43,39,42,137,125,62,85,159
50,42,43,134,127,62,83,160
52,44,45,139,117,75,89,160
52,43,50,165,117,70,86,184
49,39,47,162,118,72,92,196
53,42,48,155,90,73,88,192
51,41,51,169,105,73,91,186
52,40,56,181,117,63,86,198
60,41,51,145,109,60,84,177
65,44,56,156,127,60,80,163
63,43,57,182,142,61,84,163
60,43,57,186,136,70,86,174
59,43,53,192,138,63,79,141
50,40,52,200,136,65,80,125
45,38,45,189,120,67,84,126
44,37,45,167,104,66,84,168
45,38,44,145,114,55,83,155
50,40,43,124,107,59,103,176
53,42,43,117,105,58,111,193
51,41,44,121,105,55,111,197
52,41,44,148,130,56,106,182
48,39,41,151,117,57,102,185
50,38,42,148,119,71,91,163
47,39,44,150,128,70,85,143
45,36,44,154,133,73,85,141
47,40,43,135,112,85,88,118
50,40,48,163,118,84,94,128
42,38,46,166,117,72,92,130
44,36,50,164,125,87,108,127
44,39,57,169,137,92,106,159
44,33,57,162,136,84,113,214
48,34,54,129,126,85,115,221
54,39,54,153,151,87,113,230
54,39,55,166,142,77,99,233
58,39,48,158,124,68,99,221
57,40,46,151,129,64,90,165
52,43,52,185,150,65,93,159
48,38,51,171,123,67,102,184
52,40,45,162,124,67,102,192
48,38,46,167,128,67,109,182
54,38,49,177,126,66,107,203
56,38,44,156,108,70,107,211
54,44,44,147,108,73,112,188
47,41,45,142,109,69,114,183
52,44,43,133,103,66,106,186
48,46,40,121,90,73,106,196
44,42,38,126,92,70,95,181
48,39,37,128,90,67,83,177
47,42,40,131,87,65,70,168
43,39,40,128,89,65,94,169
42,37,41,140,92,62,100,151
46,39,40,126,94,59,100,158
47,41,48,131,96,56,103,164
51,39,45,122,86,57,105,165
53,42,51,133,94,58,81,197
52,40,52,128,102,60,72,190
49,39,55,166,103,60,80,194
46,35,51,161,104,60,77,199
45,33,52,203,129,60,81,223
43,31,48,201,124,59,84,188
42,34,48,202,126,54,87,185
44,33,48,176,126,61,98,177
49,37,48,182,127,63,98,175
51,39,46,135,107,60,94,169
49,38,50,155,108,59,94,168
52,41,49,166,110,56,99,163
52,42,49,159,106,47,83,162
51,40,45,152,105,43,84,165
48,39,43,157,99,46,84,155
49,38,38,150,110,52,86,153
48,37,38,137,97,51,84,172
49,39,35,135,90,53,104,212
50,41,41,157,100,58,100,208
54,40,43,184,133,63,102,199
58,41,45,174,125,63,118,206
57,39,44,169,132,66,120,206
56,39,45,183,140,69,105,175
53,35,44,167,132,63,108,165
49,36,44,137,104,68,114,160
43,39,46,154,113,67,97,171
45,42,47,158,106,66,110,193
46,39,45,147,99,64,125,185
45,40,45,150,114,69,125,185
51,42,46,143,113,60,115,194
51,36,43,136,108,58,131,198
53,35,45,144,108,55,122,213
51,37,47,178,139,52,107,203
57,41,47,180,128,51,112,205
54,40,47,188,129,50,118,221
53,41,45,176,124,53,104,223
52,43,42,166,121,54,96,173
54,41,43,160,97,55,103,175
47,38,43,199,111,58,97,178
44,41,42,196,113,57,95,157
44,42,50,224,134,63,96,154
41,38,50,223,140,69,97,169
42,41,47,206,133,67,87,178
42,41,50,178,134,69,81,198
41,38,49,176,129,73,87,194
43,37,44,144,109,71,95,227
46,38,46,150,107,67,99,243
44,36,46,143,101,68,99,242
46,34,47,162,98,59,104,223
49,38,51,168,102,57,99,221
49,38,49,168,100,52,87,231
47,41,48,182,114,59,83,213
46,42,50,185,120,66,87,210
43,43,44,156,111,69,88,218
45,39,43,153,109,68,101,223
42,39,44,167,111,72,98,173
44,35,48,174,121,72,95,168
48,34,47,181,124,66,102,176
46,33,47,177,121,67,107,172
44,33,46,175,124,69,91,200
46,36,46,163,126,65,91,189
45,41,44,143,118,62,96,194
40,43,44,122,108,61,91,183
42,45,48,120,107,58,79,194
46,48,52,146,110,57,79,179
43,45,51,142,104,53,79,179
41,45,47,137,87,48,78,169
44,46,45,138,86,50,71,181
44,44,41,131,84,47,66,165
43,41,35,131,86,47,70,201
48,40,37,156,98,49,71,212
53,39,40,156,99,49,65,220
56,37,46,190,117,50,66,210
58,38,45,196,122,51,81,226
54,39,45,179,117,47,90,174
54,41,46,165,111,46,105,154
50,42,45,184,118,54,117,158
47,41,41,161,105,61,123,189
45,42,45,156,99,67,118,172
45,41,46,170,102,71,119,183
42,38,47,168,106,71,111,191
42,37,46,165,118,64,109,175
39,37,51,177,133,57,117,179
41,40,51,197,140,53,119,201
46,43,51,187,139,55,108,198
49,45,50,180,132,59,117,193
51,45,50,163,124,64,111,256
55,45,44,144,112,62,105,233
53,45,41,137,113,62,102,220
52,44,39,143,115,64,122,220
51,41,42,146,119,59,106,224
49,39,43,171,128,60,102,174
47,41,45,172,135,68,103,178
45,37,44,160,132,66,106,167
43,38,43,146,125,62,94,184
39,41,39,152,130,69,102,195
40,44,43,136,121,66,105,192
38,42,45,151,123,61,97,188
38,42,44,154,119,64,94,204
38,41,48,157,122,68,83,183
44,39,48,160,126,61,73,175
43,38,46,163,119,61,73,166
42,35,43,151,101,62,75,176
42,36,43,146,107,60,84,154
40,33,42,147,104,50,84,155
36,37,43,132,87,51,92,156
38,35,38,107,78,43,91,179
36,37,37,87,74,38,85,176
42,39,38,83,64,33,77,199
42,40,40,76,59,34,76,254
44,37,37,103,69,37,78,263
45,38,37,116,80,39,75,245
47,37,43,146,91,39,78,251
50,34,47,150,93,44,80,240
50,33,45,149,99,47,84,196
51,34,50,132,97,46,90,185
49,35,51,138,93,48,90,208
49,38,54,154,108,55,88,203
45,42,53,163,121,56,98,226
45,43,51,172,125,58,92,217
42,42,51,182,128,59,92,214
44,42,54,202,138,60,88,192
49,41,49,175,124,61,91,191
47,41,46,166,111,60,83,182
45,43,48,163,102,57,92,183
45,44,46,174,108,59,92,182
46,45,45,156,96,64,97,174
44,45,44,155,96,57,101,178
46,41,44,157,91,63,96,155
54,40,43,160,88,62,93,149
53,38,44,154,87,66,95,150
53,38,45,151,76,61,98,173
51,38,45,167,96,64,96,165
52,38,48,173,110,59,96,165
44,38,50,172,113,59,104,172
46,42,50,155,104,57,103,198
43,42,48,172,117,65,124,197
43,43,50,171,105,65,124,199
42,44,49,168,94,68,125,198
47,50,48,169,98,69,119,200
50,48,45,170,94,64,108,166
49,46,44,134,77,55,94,164
47,42,40,106,71,52,93,179
48,42,38,101,71,47,99,199
41,34,38,87,67,44,102,191
38,31,37,83,69,42,101,200
40,34,37,89,71,44,87,220
47,36,50,162,116,46,86,210
46,35,52,163,117,42,95,205
48,35,50,166,117,46,93,208
48,37,55,196,125,47,105,226
50,36,55,210,137,48,104,205
46,37,48,168,104,44,105,191
45,37,47,168,102,46,99,185
44,39,49,183,120,41,97,196
48,39,48,166,130,43,93,206
47,37,48,149,124,42,105,216
49,38,44,146,121,45,113,229
50,42,44,171,133,47,122,224
50,43,42,160,125,50,121,214
47,44,41,162,118,49,115,183
45,44,38,164,111,53,113,163
50,44,41,163,117,49,109,155
51,43,43,140,110,45,89,189
53,43,43,130,108,46,93,199
55,40,43,129,106,50,97,201
54,41,48,132,105,47,85,201
48,37,53,142,107,48,77,218
46,34,55,177,136,50,79,205
55,35,55,186,135,53,73,199
62,38,53,179,132,51,82,203
63,39,57,226,154,57,85,211
65,41,55,255,169,61,89,195
64,41,53,236,151,63,88,179
53,41,57,249,158,60,98,205
44,41,62,272,169,57,104,204
44,40,57,236,153,52,106,215
46,39,55,208,148,53,108,231
52,44,57,199,140,54,121,273
53,40,57,186,139,59,112,247
51,37,52,152,126,61,103,237
49,38,52,157,127,58,100,216
45,36,53,178,121,57,112,212
42,33,49,184,131,53,105,185
47,35,43,180,129,50,112,189
52,40,46,193,137,57,111,190
52,44,47,186,138,72,113,230
54,45,42,157,126,82,97,222
58,47,45,149,112,83,94,197
58,47,51,161,119,87,88,192
54,42,49,147,111,98,91,216
53,37,46,143,103,92,102,185
49,38,49,146,100,85,104,171
42,36,47,162,118,84,98,166
36,36,43,148,110,80,100,184
44,36,41,146,109,61,88,162
45,37,40,147,111,56,73,149
47,36,39,142,113,59,70,156
49,37,37,127,98,61,74,171
50,37,39,132,99,65,70,146
43,36,40,133,96,66,73,142
44,37,42,130,97,67,76,168
48,39,44,127,100,60,74,184
50,42,48,126,103,62,90,178
48,42,47,141,104,57,89,175
52,41,46,153,110,59,94,181
51,41,47,151,106,57,92,180
49,39,46,151,106,56,98,163
47,35,44,161,102,54,98,160
49,38,46,143,90,63,97,166
42,39,47,123,86,63,89,166
44,38,44,128,86,64,89,152
45,41,45,134,86,67,90,156
44,43,42,132,83,74,85,154
46,43,40,126,86,71,100,177
48,41,39,136,88,71,99,197
46,41,42,150,113,74,100,188
47,41,41,145,121,76,97,181
47,42,44,129,127,69,92,183
43,40,44,133,125,66,74,167
44,43,43,148,144,65,79,138
44,45,41,138,127,62,84,144
49,45,45,146,128,60,86,152
54,43,46,157,124,58,84,187
54,45,46,164,128,62,84,178
52,42,46,152,108,56,98,191
54,41,47,146,110,56,95,196
51,41,43,140,100,64,99,195
47,41,45,152,109,71,107,164
48,40,44,146,107,69,110,169
50,40,45,147,115,72,100,168
55,40,47,164,113,74,98,193
53,41,55,169,111,76,89,191
49,37,51,148,99,67,78,190
51,44,55,178,121,68,85,200
52,46,56,182,111,64,86,206
41,45,54,177,110,64,87,177
41,45,49,179,111,56,92,171
46,50,50,192,115,64,99,195
42,46,45,166,95,60,96,219
48,46,43,158,90,60,93,213
51,48,46,211,116,60,93,211
50,45,45,214,119,73,88,228
50,42,43,206,116,69,88,231
52,43,45,203,114,73,90,196
47,40,43,206,125,79,87,177
48,39,38,148,109,103,95,193
50,39,34,131,105,91,105,211
58,45,36,126,102,91,107,207
56,43,36,158,118,90,119,238
57,47,36,143,103,89,119,241
57,46,34,142,101,62,122,236
56,45,34,160,108,69,114,206
50,40,40,176,115,70,110,184
52,39,39,151,102,70,94,162
50,37,41,156,105,68,97,161
48,36,43,169,112,70,112,150
52,42,48,168,112,71,124,176
52,42,42,156,105,70,123,193
51,46,46,151,99,71,124,174
51,44,46,182,116,69,122,172
60,51,47,166,114,69,105,169
54,46,43,151,108,58,103,209
52,44,49,157,114,57,116,207
53,41,50,171,118,54,112,212
56,43,47,139,106,53,112,234
44,35,45,134,96,44,105,238
46,36,47,137,100,50,93,182
46,36,45,137,104,48,69,169
45,36,43,123,98,47,80,190
42,32,49,121,97,52,85,177
49,38,52,129,99,52,88,186
47,36,54,155,109,51,88,195
46,39,52,171,107,55,95,190
46,42,50,175,106,58,89,176
47,42,46,168,101,58,86,175
45,36,43,164,99,71,82,160
47,42,41,135,80,71,88,200
48,40,45,133,67,71,88,220
45,38,47,137,95,76,99,223
45,38,46,147,102,73,100,217
44,41,47,152,103,63,102,215
38,36,50,161,106,60,99,178
41,39,43,141,106,57,102,173
47,43,52,167,118,58,99,161
45,43,53,163,112,61,104,164
50,39,52,161,108,61,105,177
50,41,53,153,107,62,110,170
54,40,54,148,105,64,101,160
49,35,51,151,91,58,97,162
49,38,49,147,93,54,89,159
43,39,48,145,96,54,90,150
50,37,46,141,94,60,79,143
43,33,44,142,95,59,83,134
50,33,42,100,74,64,89,130
50,31,44,102,83,65,105,189
51,33,43,101,85,82,102,196
50,35,42,113,84,79,101,193
59,41,43,147,99,80,105,216
55,39,41,153,106,75,98,228
57,41,41,171,107,78,86,193
59,40,47,182,111,60,88,180
57,37,47,190,117,78,94,211
55,39,48,171,112,79,94,186
55,42,46,168,107,79,96,181
55,41,47,164,104,78,91,184
52,38,43,156,98,76,95,207
51,39,45,158,113,59,89,182
47,35,51,190,114,57,82,181
48,35,52,189,128,58,82,203
44,33,49,177,126,54,80,185
48,39,49,172,126,57,72,170
53,43,47,178,126,59,71,177
56,43,42,151,130,74,100,205
58,45,45,159,121,72,111,184
60,46,55,172,133,80,128,201
60,44,58,179,136,78,133,210
55,40,56,165,128,76,146,229
50,39,55,172,125,66,133,209
46,38,52,162,118,66,129,203
44,40,45,162,124,55,116,223
41,38,41,154,122,65,113,215
44,40,46,150,115,67,103,188
42,39,47,128,116,63,107,193
47,38,46,127,119,66,105,227
50,37,46,134,111,71,98,196
55,39,50,140,117,74,101,190
58,39,46,142,120,75,107,186
62,41,45,141,116,74,98,248
59,42,46,158,126,76,90,214
56,41,45,154,132,76,92,211
53,39,43,155,120,70,96,227
48,37,44,156,119,71,117,269
43,36,41,151,118,70,115,219
52,37,47,151,112,63,120,216
52,37,45,129,91,60,122,222
54,37,44,124,104,60,116,204
55,35,40,115,100,50,80,164
57,38,47,159,106,62,92,142
51,37,40,145,99,68,109,177
52,38,44,150,102,66,107,195
53,41,47,173,95,62,118,198
51,42,55,205,117,67,125,203
47,42,55,190,122,60,128,214
44,40,55,192,120,54,118,192
45,41,54,192,126,65,127,188
45,39,51,178,134,68,118,198
47,41,42,146,122,66,115,212
47,41,38,131,110,62,102,205
49,42,40,125,110,65,101,209
46,40,38,125,102,60,91,233
40,39,38,142,109,66,106,230
40,37,39,141,102,68,104,205
39,37,39,140,111,77,110,205
41,38,36,141,112,73,103,196
44,41,43,179,127,74,106,167
47,43,47,165,117,71,88,152
48,41,49,174,126,75,86,150
49,40,48,181,119,65,81,142
45,43,35,109,94,63,93,146
44,42,37,116,100,63,93,146
42,43,41,137,105,63,92,157
38,45,40,128,97,66,93,158
39,43,46,155,99,67,89,156
40,40,50,173,104,72,99,187
40,39,51,172,97,70,103,201
42,39,51,160,86,68,94,175
43,36,55,169,91,67,93,172
41,37,53,150,79,67,103,174
39,38,49,132,79,67,96,188
41,41,53,186,143,74,104,179
42,41,50,185,145,73,111,174
42,43,45,178,147,74,105,171
43,41,40,178,148,73,100,192
44,41,42,177,150,75,95,150
41,38,32,106,90,69,82,153
43,40,36,114,95,70,74,161
47,42,40,121,86,69,87,213
46,42,47,129,86,67,83,207
43,41,45,127,79,65,94,216
45,43,49,146,89,64,99,207
44,39,45,148,87,65,102,202
41,35,46,158,106,64,99,183
44,36,42,151,107,63,105,184
45,39,44,168,115,61,97,182
48,41,46,158,109,58,97,190
44,42,50,160,110,58,105,189
44,43,47,148,96,59,100,163
45,43,49,179,118,63,96,152
49,44,49,165,116,64,97,162
45,41,50,189,126,69,93,149
50,41,52,190,130,77,80,156
49,40,52,183,132,75,76,154
46,38,50,160,116,76,89,173
43,35,51,162,114,83,93,169
42,33,46,130,101,81,97,178
37,33,46,129,95,71,100,195
44,36,47,156,108,68,102,187
50,38,50,162,115,67,91,179
48,40,49,160,111,62,84,172
52,43,50,159,110,59,84,167
56,44,47,152,110,61,92,144
53,46,48,140,119,61,91,157
46,44,48,119,109,58,95,147
49,44,46,123,112,56,100,141
50,43,46,141,114,67,95,150
51,44,44,135,116,68,93,157
49,39,42,145,127,67,96,146
51,41,41,152,127,72,96,151
54,42,42,153,125,70,99,157
49,41,40,141,121,63,99,144
45,37,39,141,118,63,104,152
46,38,42,148,81,62,101,181
44,36,42,152,85,76,104,182
36,32,42,147,84,75,97,173
36,32,42,139,96,86,107,178
37,33,42,150,94,83,95,201
40,34,45,181,97,63,96,163
39,36,43,181,101,61,98,171
45,37,46,190,119,60,99,199
46,37,44,143,108,56,103,197
47,36,44,127,111,61,114,191
49,37,47,128,114,60,104,187
49,35,52,155,117,60,110,217
44,34,50,149,101,55,107,195
44,36,49,153,104,59,114,210
51,37,47,150,95,53,99,211
53,41,48,175,97,61,96,209
57,41,43,154,90,58,94,178
58,39,43,150,93,59,101,191
58,37,41,151,91,58,94,180
50,35,47,180,109,63,95,176
48,33,46,153,106,56,106,170
48,34,46,159,105,51,113,172
46,35,43,158,102,49,121,158
49,36,47,166,116,56,123,175
53,38,43,139,104,66,131,171
52,42,49,177,125,70,128,195
51,41,48,167,124,75,119,193
51,41,49,169,125,74,104,192
44,42,46,153,138,69,110,179
44,42,45,176,148,65,123,205
46,41,46,176,150,66,122,197
41,41,44,171,143,66,110,193
38,36,43,146,110,63,107,173
